<?xml version="1.0" encoding="UTF-8"?>
<project-private xmlns="http://www.netbeans.org/ns/project-private/1">
    <editor-bookmarks xmlns="http://www.netbeans.org/ns/editor-bookmarks/2" lastBookmarkId="0"/>
    <open-files xmlns="http://www.netbeans.org/ns/projectui-open-files/2">
        <group>
            <file>file:/Applications/XAMPP/xamppfiles/htdocs/tourtotoclasses/displayInsert.php</file>
            <file>file:/Applications/XAMPP/xamppfiles/htdocs/tourtotoclasses/renner.php</file>
            <file>file:/Applications/XAMPP/xamppfiles/htdocs/tourtotoclasses/totospeler.php</file>
            <file>file:/Applications/XAMPP/xamppfiles/htdocs/tourtotoclasses/etappe.php</file>
            <file>file:/Applications/XAMPP/xamppfiles/htdocs/tourtotoclasses/rennerpunten.php</file>
            <file>file:/Applications/XAMPP/xamppfiles/htdocs/tourtotoclasses/databaseConnector.php</file>
            <file>file:/Applications/XAMPP/xamppfiles/htdocs/tourtotoclasses/invoeren.php</file>
            <file>file:/Applications/XAMPP/xamppfiles/htdocs/tourtotoclasses/tourtoto.sql</file>
            <file>file:/Applications/XAMPP/xamppfiles/htdocs/tourtotoclasses/display.php</file>
            <file>file:/Applications/XAMPP/xamppfiles/htdocs/tourtotoclasses/deleteQuery.php</file>
            <file>file:/Applications/XAMPP/xamppfiles/htdocs/tourtotoclasses/printen.php</file>
            <file>file:/Applications/XAMPP/xamppfiles/htdocs/tourtotoclasses/ploeg.php</file>
            <file>file:/Applications/XAMPP/xamppfiles/htdocs/tourtotoclasses/land.php</file>
            <file>file:/Applications/XAMPP/xamppfiles/htdocs/tourtotoclasses/displaySelect.php</file>
            <file>file:/Applications/XAMPP/xamppfiles/htdocs/tourtotoclasses/etapperegel.php</file>
            <file>file:/Applications/XAMPP/xamppfiles/htdocs/tourtotoclasses/query.php</file>
            <file>file:/Applications/XAMPP/xamppfiles/htdocs/tourtotoclasses/updateQuery.php</file>
            <file>file:/Applications/XAMPP/xamppfiles/htdocs/tourtotoclasses/insertQuery.php</file>
            <file>file:/Applications/XAMPP/xamppfiles/htdocs/tourtotoclasses/totospelerploeg.php</file>
            <file>file:/Applications/XAMPP/xamppfiles/htdocs/tourtotoclasses/databaseSetter.php</file>
            <file>file:/Applications/XAMPP/xamppfiles/htdocs/tourtotoclasses/databaseGetter.php</file>
            <file>file:/Applications/XAMPP/xamppfiles/htdocs/tourtotoclasses/index.php</file>
            <file>file:/Applications/XAMPP/xamppfiles/htdocs/tourtotoclasses/selectQuery.php</file>
            <file>file:/Applications/XAMPP/xamppfiles/htdocs/tourtotoclasses/wijzigen.php</file>
        </group>
    </open-files>
</project-private>
